time,temperature,humidity
1624339122.98985,18.0232083549407,15.0232083549407
1624339132.99654,15.1540741472286,10.1540741472286
1624339143.00763,15.1370278184049,25.1370278184049
1624339153.01798,18.855774029457,21.855774029457
1624339163.03539,15.4309276550637,11.4309276550637
1624339173.04603,11.3657559078609,13.3657559078609
1624339183.0576,18.0563462696695,14.0563462696695
1624339193.06835,18.9004209053674,12.9004209053674
1624339203.0793,14.4417760086918,23.4417760086918
1624339213.0906,13.046483588151,13.046483588151
1624353133.12313,11.345,45.55
